cohort,left_seed,right_seed,patients,label_mapping,exact_agreement,ari,nmi
mimic,20260805,20260806,4713,"{""1"": 1, ""2"": 2, ""3"": 3}",0.8597496286866115,0.6125796224253991,0.5154777564791753
mimic,20260805,20260807,4713,"{""1"": 1, ""2"": 2, ""3"": 3}",0.8648419265860386,0.6216331215513448,0.5302621264410698
mimic,20260806,20260807,4713,"{""1"": 1, ""2"": 2, ""3"": 3}",0.992785911309145,0.9802926541364324,0.9514756520502857
eicu,20260805,20260806,1417,"{""1"": 3, ""2"": 2, ""3"": 1}",0.7685250529287226,0.49034754948558884,0.4294029621733467
eicu,20260805,20260807,1417,"{""1"": 3, ""2"": 2, ""3"": 1}",0.7685250529287226,0.49034754948558884,0.4294029621733467
eicu,20260806,20260807,1417,"{""1"": 1, ""2"": 2, ""3"": 3}",1.0,1.0,1.0
aumc,20260805,20260806,2183,"{""1"": 1, ""2"": 2, ""3"": 3}",0.8886852954649564,0.7739999018956556,0.6154687153482754
aumc,20260805,20260807,2183,"{""1"": 1, ""2"": 2, ""3"": 3}",0.9990838295923041,0.9976971586099036,0.9922310097885993
aumc,20260806,20260807,2183,"{""1"": 1, ""2"": 2, ""3"": 3}",0.8886852954649564,0.7751000453080941,0.6167920222559752
