cohort,scenario,K,seed,features,patients,rows,burn,keep,thin,mean_deviance,high_absolute_lag1_fraction,uncertain_label,uncertain_patients,uncertain_fraction,median_max_posterior_probability,minimum_max_posterior_probability,maximum_max_posterior_probability,sorted_cluster_prevalence,elapsed_seconds,config_sha256,probability_scale,scaled_deviance,scaled_lag1_failure,historical_selection_score,rank_within_cohort_seed,selected_within_seed
aumc,primary,2,20260805,creatinine;urineoutput;crea_divide_basecrea,2183,48517,50,100,2,598413.106965837,0.0,3.0,67,0.0306917086578104,0.997330083928666,0.503625753347102,1,0.739808;0.260192,18.1785480976105,143ec6ed7a3d2ee201f1d56b5b9abfab9395ae7258f3b944dcbab97841f93cba,native 0-1 (no division),0.00967717544347858,0.0,0.00967717544347858,2.0,False
aumc,primary,2,20260806,creatinine;urineoutput;crea_divide_basecrea,2183,48517,50,100,2,598410.801069125,0.0,3.0,54,0.0247366010077874,0.997373509886326,0.50239421307451,1,0.743014;0.256986,18.7163000106812,143ec6ed7a3d2ee201f1d56b5b9abfab9395ae7258f3b944dcbab97841f93cba,native 0-1 (no division),0.010358429778098085,0.0,0.010358429778098085,2.0,False
aumc,primary,2,20260807,creatinine;urineoutput;crea_divide_basecrea,2183,48517,50,100,2,598411.375892919,0.0,3.0,63,0.0288593678424187,0.997190722344699,0.501922462541676,1,0.737975;0.262025,17.0766561031342,143ec6ed7a3d2ee201f1d56b5b9abfab9395ae7258f3b944dcbab97841f93cba,native 0-1 (no division),0.009168789904112627,0.0,0.009168789904112627,1.0,True
aumc,primary,3,20260805,creatinine;urineoutput;crea_divide_basecrea,2183,48517,50,100,2,597274.320957769,0.0,4.0,209,0.0957398076042144,0.970202441000041,0.39081828373374,1,0.625744;0.266606;0.107650,27.1157410144806,143ec6ed7a3d2ee201f1d56b5b9abfab9395ae7258f3b944dcbab97841f93cba,native 0-1 (no division),0.0,0.0,0.0,1.0,True
aumc,primary,3,20260806,creatinine;urineoutput;crea_divide_basecrea,2183,48517,50,100,2,597216.539505216,0.0,4.0,184,0.0842876775080165,0.974379071166893,0.348168496168059,1,0.641777;0.256528;0.101695,22.5767350196838,143ec6ed7a3d2ee201f1d56b5b9abfab9395ae7258f3b944dcbab97841f93cba,native 0-1 (no division),0.0,0.0,0.0,1.0,True
aumc,primary,3,20260807,creatinine;urineoutput;crea_divide_basecrea,2183,48517,50,100,2,597361.662317615,0.111111111111111,4.0,488,0.223545579477783,0.963126775738629,0.358115398984562,1,0.610169;0.245076;0.144755,26.7702250480652,143ec6ed7a3d2ee201f1d56b5b9abfab9395ae7258f3b944dcbab97841f93cba,native 0-1 (no division),0.0,0.15151515151515144,0.15151515151515144,2.0,False
aumc,primary,4,20260805,creatinine;urineoutput;crea_divide_basecrea,2183,48517,50,100,2,711827.153398272,0.708333333333333,5.0,45,0.0206138341731562,0.999999935468398,0.0,1,0.694457;0.163995;0.141090;0.000458,32.310613155365,143ec6ed7a3d2ee201f1d56b5b9abfab9395ae7258f3b944dcbab97841f93cba,native 0-1 (no division),0.9734470297496486,1.0,1.3955640865715961,4.0,False
aumc,primary,4,20260806,creatinine;urineoutput;crea_divide_basecrea,2183,48517,50,100,2,712510.226820079,0.708333333333333,5.0,50,0.0229042601923958,0.999999962964293,0.0,1,0.700870;0.158497;0.140174;0.000458,34.1105768680573,143ec6ed7a3d2ee201f1d56b5b9abfab9395ae7258f3b944dcbab97841f93cba,native 0-1 (no division),1.0,0.92391304347826,1.3614754172989174,3.0,False
aumc,primary,4,20260807,creatinine;urineoutput;crea_divide_basecrea,2183,48517,50,100,2,711849.352218021,0.708333333333333,5.0,37,0.0169491525423729,0.999999982808828,0.0,1,0.699954;0.160788;0.138800;0.000458,37.6839489936829,143ec6ed7a3d2ee201f1d56b5b9abfab9395ae7258f3b944dcbab97841f93cba,native 0-1 (no division),1.0,0.965909090909091,1.3903166444737785,4.0,False
aumc,primary,5,20260805,creatinine;urineoutput;crea_divide_basecrea,2183,48517,50,100,2,714951.841089464,0.633333333333333,6.0,96,0.0439761795693999,0.954863185152531,0.0,1,0.560696;0.191480;0.134219;0.113147;0.000458,36.4552609920502,143ec6ed7a3d2ee201f1d56b5b9abfab9395ae7258f3b944dcbab97841f93cba,native 0-1 (no division),1.0,0.8941176470588234,1.341434443713895,3.0,False
aumc,primary,5,20260806,creatinine;urineoutput;crea_divide_basecrea,2183,48517,50,100,2,708042.187398433,0.766666666666667,6.0,87,0.0398534127347687,0.963524996415555,0.0,1,0.535502;0.194228;0.136967;0.132845;0.000458,41.5655510425568,143ec6ed7a3d2ee201f1d56b5b9abfab9395ae7258f3b944dcbab97841f93cba,native 0-1 (no division),0.9612464522064944,1.0,1.3870813753632383,4.0,False
aumc,primary,5,20260807,creatinine;urineoutput;crea_divide_basecrea,2183,48517,50,100,2,706123.47269803,0.733333333333333,6.0,91,0.0416857535501603,0.978748125386358,0.0,1,0.532753;0.235456;0.116354;0.114979;0.000458,34.678631067276,143ec6ed7a3d2ee201f1d56b5b9abfab9395ae7258f3b944dcbab97841f93cba,native 0-1 (no division),0.9499869416094244,1.0,1.3793024284863808,3.0,False
eicu,primary,2,20260805,bun;creatinine;urineoutput;crea_divide_basecrea,1417,29246,50,100,2,556141.07061194,0.0,,47,0.0331686661961891,0.999149274687698,0.508475582716734,1,0.843331;0.156669,11.8441288471222,143ec6ed7a3d2ee201f1d56b5b9abfab9395ae7258f3b944dcbab97841f93cba,native 0-1 (no division),0.004242635691942319,0.0,0.004242635691942319,2.0,False
eicu,primary,2,20260806,bun;creatinine;urineoutput;crea_divide_basecrea,1417,29246,50,100,2,556108.97845957,0.0,3.0,38,0.0268172194777699,0.999266967370765,0.511054424376075,1,0.846154;0.153846,17.2602028846741,143ec6ed7a3d2ee201f1d56b5b9abfab9395ae7258f3b944dcbab97841f93cba,native 0-1 (no division),0.0,0.0,0.0,1.0,True
eicu,primary,2,20260807,bun;creatinine;urineoutput;crea_divide_basecrea,1417,29246,50,100,2,556137.179238396,0.0,3.0,40,0.0282286520818631,0.999250002010768,0.503491690950404,1,0.844037;0.155963,15.8756799697876,143ec6ed7a3d2ee201f1d56b5b9abfab9395ae7258f3b944dcbab97841f93cba,native 0-1 (no division),0.0,0.0,0.0,1.0,True
eicu,primary,3,20260805,bun;creatinine;urineoutput;crea_divide_basecrea,1417,29246,50,100,2,555518.909660746,0.0,4.0,204,0.143966125617502,0.9654105679789,0.438054529746605,1,0.622442;0.291461;0.086097,23.7151951789856,143ec6ed7a3d2ee201f1d56b5b9abfab9395ae7258f3b944dcbab97841f93cba,native 0-1 (no division),0.0,0.0,0.0,1.0,True
eicu,primary,3,20260806,bun;creatinine;urineoutput;crea_divide_basecrea,1417,29246,50,100,2,707742.493062824,0.666666666666667,4.0,27,0.0190543401552576,0.999999999998992,0.0,1,0.754411;0.242766;0.002823,26.4207470417023,143ec6ed7a3d2ee201f1d56b5b9abfab9395ae7258f3b944dcbab97841f93cba,native 0-1 (no division),1.0,0.8888888888888893,1.3379549531991441,2.0,False
eicu,primary,3,20260807,bun;creatinine;urineoutput;crea_divide_basecrea,1417,29246,50,100,2,708111.04307992,0.625,4.0,21,0.0148200423429781,0.99999999999872,0.0,1,0.755822;0.241355;0.002823,29.3044538497925,143ec6ed7a3d2ee201f1d56b5b9abfab9395ae7258f3b944dcbab97841f93cba,native 0-1 (no division),1.0,0.8333333333333334,1.3017082793177759,2.0,False
eicu,primary,4,20260805,bun;creatinine;urineoutput;crea_divide_basecrea,1417,29246,50,100,2,688556.334810273,0.15625,5.0,47,0.0331686661961891,0.999999539892535,0.0,1,0.587156;0.283698;0.126323;0.002823,27.3941328525543,143ec6ed7a3d2ee201f1d56b5b9abfab9395ae7258f3b944dcbab97841f93cba,native 0-1 (no division),0.9072078972816892,0.20833333333333334,0.9308216513747635,3.0,False
eicu,primary,4,20260806,bun;creatinine;urineoutput;crea_divide_basecrea,1417,29246,50,100,2,700042.75699206,0.75,5.0,33,0.023288637967537,0.999938433060413,0.0,1,0.584333;0.266055;0.146789;0.002823,26.3403298854828,143ec6ed7a3d2ee201f1d56b5b9abfab9395ae7258f3b944dcbab97841f93cba,native 0-1 (no division),0.9492214099837347,1.0,1.378775284508505,4.0,False
eicu,primary,4,20260807,bun;creatinine;urineoutput;crea_divide_basecrea,1417,29246,50,100,2,702486.749189099,0.75,5.0,52,0.036697247706422,0.999581354048996,0.0,1,0.512350;0.313338;0.171489;0.002823,31.276969909668,143ec6ed7a3d2ee201f1d56b5b9abfab9395ae7258f3b944dcbab97841f93cba,native 0-1 (no division),0.9629917029898906,1.0,1.3882914031381774,4.0,False
eicu,primary,5,20260805,bun;creatinine;urineoutput;crea_divide_basecrea,1417,29246,50,100,2,702163.824842981,0.75,6.0,118,0.0832745236414961,0.95686275097847,0.0,1,0.405081;0.242061;0.177841;0.172195;0.002823,40.2113659381866,143ec6ed7a3d2ee201f1d56b5b9abfab9395ae7258f3b944dcbab97841f93cba,native 0-1 (no division),1.0,1.0,1.4142135623730951,4.0,False
eicu,primary,5,20260806,bun;creatinine;urineoutput;crea_divide_basecrea,1417,29246,50,100,2,696855.503890894,0.75,6.0,66,0.0465772759350741,0.985197715804448,0.0,1,0.419195;0.216655;0.214538;0.146789;0.002823,27.9344170093536,143ec6ed7a3d2ee201f1d56b5b9abfab9395ae7258f3b944dcbab97841f93cba,native 0-1 (no division),0.9282019598344364,1.0,1.3643895624932378,3.0,False
eicu,primary,5,20260807,bun;creatinine;urineoutput;crea_divide_basecrea,1417,29246,50,100,2,697209.455611572,0.75,6.0,100,0.0705716302046577,0.972405366625883,0.0,1,0.408610;0.277347;0.161609;0.149612;0.002823,34.9862711429596,143ec6ed7a3d2ee201f1d56b5b9abfab9395ae7258f3b944dcbab97841f93cba,native 0-1 (no division),0.928266695385754,1.0,1.3644336032810056,3.0,False
mimic,primary,2,20260805,bun;creatinine;urineoutput;crea_divide_basecrea,4713,85021,50,100,2,1464829.11943413,0.0,,109,0.0231275196265648,0.997932061018902,0.0,1,0.803734;0.196266,38.2668027877808,143ec6ed7a3d2ee201f1d56b5b9abfab9395ae7258f3b944dcbab97841f93cba,native 0-1 (no division),0.004880488842363399,0.0,0.004880488842363399,2.0,False
mimic,primary,2,20260806,bun;creatinine;urineoutput;crea_divide_basecrea,4713,85021,50,100,2,1464794.86720147,0.0,,107,0.0227031614682792,0.997995893688723,0.0,1,0.804795;0.195205,38.1146230697632,143ec6ed7a3d2ee201f1d56b5b9abfab9395ae7258f3b944dcbab97841f93cba,native 0-1 (no division),0.007663488082534037,0.0,0.007663488082534037,1.0,True
mimic,primary,2,20260807,bun;creatinine;urineoutput;crea_divide_basecrea,4713,85021,50,100,2,1464759.21910889,0.0,,93,0.0197326543602801,0.997877416662166,0.0,1,0.803098;0.196902,38.7896790504456,143ec6ed7a3d2ee201f1d56b5b9abfab9395ae7258f3b944dcbab97841f93cba,native 0-1 (no division),0.0048345435500174675,0.0,0.0048345435500174675,2.0,False
mimic,primary,3,20260805,bun;creatinine;urineoutput;crea_divide_basecrea,4713,85021,50,100,2,1462769.25579006,0.0,,439,0.0931466157436877,0.953042042803972,0.0,1,0.592192;0.322512;0.085296,49.3926050662994,143ec6ed7a3d2ee201f1d56b5b9abfab9395ae7258f3b944dcbab97841f93cba,native 0-1 (no division),0.0,0.0,0.0,1.0,True
mimic,primary,3,20260806,bun;creatinine;urineoutput;crea_divide_basecrea,4713,85021,50,100,2,1463966.25137059,0.0416666666666667,,372,0.0789306174411203,0.991424891931035,0.0,1,0.774666;0.145130;0.080204,51.3149600028992,143ec6ed7a3d2ee201f1d56b5b9abfab9395ae7258f3b944dcbab97841f93cba,native 0-1 (no division),0.005716193852507917,0.053763440860215096,0.0540664632215692,3.0,False
mimic,primary,3,20260807,bun;creatinine;urineoutput;crea_divide_basecrea,4713,85021,50,100,2,1462712.01497814,0.0,,408,0.086569064290261,0.967950308158544,0.0,1,0.654997;0.262890;0.082113,60.2922608852386,143ec6ed7a3d2ee201f1d56b5b9abfab9395ae7258f3b944dcbab97841f93cba,native 0-1 (no division),0.0,0.0,0.0,1.0,True
mimic,primary,4,20260805,bun;creatinine;urineoutput;crea_divide_basecrea,4713,85021,50,100,2,1861004.89938875,0.75,5.0,97,0.0205813706768513,0.99983190486752,0.0,1,0.622746;0.249735;0.126247;0.001273,106.880934000015,143ec6ed7a3d2ee201f1d56b5b9abfab9395ae7258f3b944dcbab97841f93cba,native 0-1 (no division),0.9435501329469426,0.9375,1.3301101846780188,3.0,False
mimic,primary,4,20260806,bun;creatinine;urineoutput;crea_divide_basecrea,4713,85021,50,100,2,1461533.88719802,0.03125,5.0,782,0.165924039889667,0.923301928562582,0.0,1,0.552727;0.246128;0.129217;0.071929,99.3725030422211,143ec6ed7a3d2ee201f1d56b5b9abfab9395ae7258f3b944dcbab97841f93cba,native 0-1 (no division),0.0,0.04032258064516129,0.04032258064516129,2.0,False
mimic,primary,4,20260807,bun;creatinine;urineoutput;crea_divide_basecrea,4713,85021,50,100,2,1879268.12227423,0.71875,5.0,130,0.0275832802885635,0.998379691177891,0.0,1,0.583492;0.253978;0.161256;0.001273,105.140875816345,143ec6ed7a3d2ee201f1d56b5b9abfab9395ae7258f3b944dcbab97841f93cba,native 0-1 (no division),0.9837116931816495,0.9274193548387096,1.351959820050787,3.0,False
mimic,primary,5,20260805,bun;creatinine;urineoutput;crea_divide_basecrea,4713,85021,50,100,2,1884830.18259519,0.8,6.0,277,0.0587736049225546,0.934788134807344,0.0,1,0.525143;0.166136;0.156800;0.150647;0.001273,119.329097032547,143ec6ed7a3d2ee201f1d56b5b9abfab9395ae7258f3b944dcbab97841f93cba,native 0-1 (no division),1.0,1.0,1.4142135623730951,4.0,False
mimic,primary,5,20260806,bun;creatinine;urineoutput;crea_divide_basecrea,4713,85021,50,100,2,1887055.52542986,0.775,6.0,280,0.059410142159983,0.931657524814332,0.0,1,0.530660;0.164227;0.152981;0.150859;0.001273,110.837265968323,143ec6ed7a3d2ee201f1d56b5b9abfab9395ae7258f3b944dcbab97841f93cba,native 0-1 (no division),1.0,1.0,1.4142135623730951,4.0,False
mimic,primary,5,20260807,bun;creatinine;urineoutput;crea_divide_basecrea,4713,85021,50,100,2,1886165.46194166,0.775,6.0,294,0.0623806492679822,0.9349269183947,0.0,1,0.551029;0.157861;0.146191;0.143645;0.001273,120.308497905731,143ec6ed7a3d2ee201f1d56b5b9abfab9395ae7258f3b944dcbab97841f93cba,native 0-1 (no division),1.0,1.0,1.4142135623730951,4.0,False
