comment,status,section_present,original_comment_present,response_present,changes_location_present,word_section_present,word_original_comment_present,word_response_present,word_changes_location_present,result_present,limitation_present,supplement_or_manuscript_evidence_present,word_result_present,word_limitation_present,word_supplement_or_manuscript_evidence_present,missing_result_tokens,missing_limitation_tokens,missing_evidence_tokens,word_missing_result_tokens,word_missing_limitation_tokens,word_missing_evidence_tokens
E.1 Comprehensive data-integrity audit,PASS,True,True,True,True,True,True,True,True,True,True,True,True,True,True,,,,,,
E.2 Robustness to data-processing assumptions,PASS,True,True,True,True,True,True,True,True,True,True,True,True,True,True,,,,,,
E.3 Phenotype definition versus independent validation,PASS,True,True,True,True,True,True,True,True,True,True,True,True,True,True,,,,,,
E.4 Diuretic-responsiveness analysis,PASS,True,True,True,True,True,True,True,True,True,True,True,True,True,True,,,,,,
E.5 Balanced early-classifier evaluation,PASS,True,True,True,True,True,True,True,True,True,True,True,True,True,True,,,,,,
E.6 Translational claims and positioning,PASS,True,True,True,True,True,True,True,True,True,True,True,True,True,True,,,,,,
R1.1 Repositioning and confounding of diuretic responsiveness,PASS,True,True,True,True,True,True,True,True,True,True,True,True,True,True,,,,,,
R1.2 Rebalancing classifier performance claims,PASS,True,True,True,True,True,True,True,True,True,True,True,True,True,True,,,,,,
R1.3 Critical data-integrity flag in Table S3,PASS,True,True,True,True,True,True,True,True,True,True,True,True,True,True,,,,,,
R1.4 Missing urine output and fluid balance,PASS,True,True,True,True,True,True,True,True,True,True,True,True,True,True,,,,,,
R1.m1 Baseline creatinine clarification,PASS,True,True,True,True,True,True,True,True,True,True,True,True,True,True,,,,,,
R1.m2 Literature-search validity,PASS,True,True,True,True,True,True,True,True,True,True,True,True,True,True,,,,,,
R1.m3 Citation formatting consistency,PASS,True,True,True,True,True,True,True,True,True,True,True,True,True,True,,,,,,
R1.m4 Nonstandard clustering metric,PASS,True,True,True,True,True,True,True,True,True,True,True,True,True,True,,,,,,
R1.m5 AmsterdamUMCdb hospital outcome limitation,PASS,True,True,True,True,True,True,True,True,True,True,True,True,True,True,,,,,,
